ID,vacina,data_aplicacao,lote,observacao
1,"BCG","2025-01-05","L123","Aplicada corretamente"
1,"Hepatite B","2025-01-10","L124","Aplicada corretamente"
1,"Tríplice Viral","2025-02-15","L125","Aplicada corretamente"
2,"BCG","2025-01-08","L223","Aplicada corretamente"
2,"Hepatite B","2025-01-12","L224","Aplicada corretamente"
2,"Tríplice Viral","2025-02-20","L225","Aplicada corretamente"
3,"BCG","2025-01-09","L323","Aplicada corretamente"
3,"Hepatite B","2025-01-15","L324","Aplicada corretamente"
3,"Tríplice Viral","2025-02-18","L325","Aplicada corretamente"
4,"BCG","2025-01-07","L423","Aplicada corretamente"
4,"Hepatite B","2025-01-14","L424","Aplicada corretamente"
4,"Tríplice Viral","2025-02-22","L425","Aplicada corretamente"
5,"BCG","2025-01-06","L523","Aplicada corretamente"
5,"Hepatite B","2025-01-13","L524","Aplicada corretamente"
5,"Tríplice Viral","2025-02-19","L525","Aplicada corretamente"
6,"BCG","2025-01-11","L623","Aplicada corretamente"
6,"Hepatite B","2025-01-16","L624","Aplicada corretamente"
6,"Tríplice Viral","2025-02-21","L625","Aplicada corretamente"
7,"BCG","2025-01-12","L723","Aplicada corretamente"
7,"Hepatite B","2025-01-18","L724","Aplicada corretamente"
7,"Tríplice Viral","2025-02-23","L725","Aplicada corretamente"
8,"BCG","2025-01-10","L823","Aplicada corretamente"
8,"Hepatite B","2025-01-17","L824","Aplicada corretamente"
8,"faltou Tríplice Viral",,,,
8,"faltou Pneumocócica",,,,
9,"BCG","2025-01-09","L923","Aplicada corretamente"
9,"Hepatite B","2025-01-15","L924","Aplicada corretamente"
9,"Tríplice Viral","2025-02-24","L925","Aplicada corretamente"
10,"BCG","2025-01-08","L1023","Aplicada corretamente"
10,"Hepatite B","2025-01-14","L1024","Aplicada corretamente"
10,"Tríplice Viral","2025-02-25","L1025","Aplicada corretamente"
11,,,,
12,,,,